{
  "metadata": {
    "total_records": 15000,
    "total_columns": 14,
    "generated_at": "2026-04-09T13:16:54.801217",
    "columns": [
      "order_id",
      "customer_name",
      "customer_address",
      "restaurant_name",
      "food_item",
      "quantity",
      "order_amount",
      "delivery_zone",
      "order_hour",
      "delivery_time_minutes",
      "payment_mode",
      "order_status",
      "status_numeric",
      "payment_numeric"
    ]
  },
  "market_metrics": {
    "total_orders": 15000,
    "successful_deliveries": 4996,
    "delayed_orders": 4884,
    "cancelled_orders": 5120,
    "success_rate": 33.306666666666665,
    "total_liquidity": 7396017.64,
    "avg_transaction_size": 493.06784266666665,
    "stats": {
      "order_amount": {
        "mean": 493.06784266666665,
        "median": 447.795,
        "std": 553.7312627789506,
        "min": -372.9,
        "max": 5000.0,
        "q25": 302.815,
        "q75": 584.2225000000001
      },
      "delivery_time": {
        "mean": 37.086724966377425,
        "median": 34.9089731406949,
        "std": 27.113722139483112,
        "min": -22.720167049356174,
        "max": 200.0
      },
      "order_hour": {
        "mean": 11.460066666666666,
        "median": 11.0,
        "std": 6.9085541567628095
      },
      "quantity": {
        "mean": 2.5016,
        "median": 3.0,
        "std": 1.1145463595438752
      },
      "order_status": {
        "Cancelled": 5120,
        "Delivered": 4996,
        "Delayed": 4884
      }
    }
  },
  "insights": {
    "peak_ordering_hour": 1,
    "fastest_delivery_zone": "Andheri East",
    "most_popular_payment": "Cash",
    "avg_items_per_order": 2.5016,
    "top_restaurant": "Box8",
    "volatility_index": 1.1230326029460713
  }
}